id,label
0,"ABRAMSON, G"
1,"KUPERMAN, M"
2,"ACEBRON, J"
3,"BONILLA, L"
4,"PEREZVICENTE, C"
5,"RITORT, F"
6,"SPIGLER, R"
7,"ADAMIC, L"
8,"ADAR, E"
9,"HUBERMAN, B"
10,"LUKOSE, R"
11,"PUNIYANI, A"
12,"AERTSEN, A"
13,"GERSTEIN, G"
14,"HABIB, M"
15,"PALM, G"
16,"AFRAIMOVICH, V"
17,"VERICHEV, N"
18,"RABINOVICH, M"
19,"AGRAWAL, H"
20,"AHUJA, R"
21,"MAGNANTI, T"
22,"ORLIN, J"
23,"AIELLO, W"
24,"CHUNG, F"
25,"LU, L"
26,"ALBA, R"
27,"ALBERICH, R"
28,"MIROJULIA, J"
29,"ROSSELLO, F"
30,"ALBERT, R"
31,"ALBERT, I"
32,"NAKARADO, G"
33,"BARABASI, A"
34,"JEONG, H"
35,"ALBERTS, B"
36,"BRAY, D"
37,"LEWIS, J"
38,"RAFF, M"
39,"ROBERTS, K"
40,"WATSON, J"
41,"ALDANA, M"
42,"ALDOUS, D"
43,"PITTEL, B"
44,"ALEKSIEJUK, A"
45,"HOLYST, J"
46,"STAUFFER, D"
47,"ALLARIA, E"
48,"ARECCHI, F"
49,"DIGARBO, A"
50,"MEUCCI, R"
51,"ALMAAS, E"
52,"KOVACS, B"
53,"VICSEK, T"
54,"OLTVAI, Z"
55,"KRAPIVSKY, P"
56,"REDNER, S"
57,"KULKARNI, R"
58,"STROUD, D"
59,"ALON, N"
60,"YUSTER, R"
61,"ZWICK, U"
62,"ALON, U"
63,"SURETTE, M"
64,"BARKAI, N"
65,"LEIBER, S"
66,"ALTER, O"
67,"BROWN, P"
68,"BOTSTEIN, D"
69,"AMARAL, L"
70,"SCALA, A"
71,"BARTHELEMY, M"
72,"STANLEY, H"
73,"AMENGUAL, A"
74,"HERNANDEZGARCIA, E"
75,"MONTAGNE, R"
76,"SANMIGUEL, M"
77,"ANCELMEYERS, L"
78,"NEWMAN, M"
79,"MARTIN, M"
80,"SCHRAG, S"
81,"ANDERSON, C"
82,"WASSERMAN, S"
83,"CROUCH, B"
84,"ANDERSON, P"
85,"ARROW, K"
86,"PINES, D"
87,"ANDERSON, R"
88,"MAY, R"
89,"ANDERSSON, H"
90,"ANTAL, T"
91,"APIC, G"
92,"GOUGH, J"
93,"TEICHMANN, S"
94,"ARENAS, A"
95,"CABRALES, A"
96,"DIAZGUILERA, A"
97,"GUIMERA, R"
98,"VEGAREDONDO, F"
99,"DANON, L"
100,"GLEISER, P"
101,"ARITA, M"
102,"ASHWIN, P"
103,"BUESCU, J"
104,"STEWART, I"
105,"ATAY, F"
106,"JOST, J"
107,"WENDE, A"
108,"AUMANN, R"
109,"HART, S"
110,"AXELROD, R"
111,"BADER, G"
112,"HOGUE, C"
113,"BAIESI, M"
114,"PACZUSKI, M"
115,"BAILEY, N"
116,"BAIRD, D"
117,"ULANOWICZ, R"
118,"BAKER, W"
119,"FAULKNER, R"
120,"BAK, P"
121,"SNEPPEN, K"
122,"BALL, F"
123,"MOLLISON, D"
124,"SCALIATOMBA, G"
125,"BALL, P"
126,"BANAVAR, J"
127,"MARITAN, A"
128,"RINALDO, A"
129,"BANKS, D"
130,"CARLEY, K"
131,"BIANCONI, G"
132,"RAVASZ, E"
133,"NEDA, Z"
134,"SCHUBERT, A"
135,"BARAHONA, M"
136,"PECORA, L"
137,"BARBOUR, A"
138,"REINERT, G"
139,"BARJOSEPH, Z"
140,"GERBER, G"
141,"LEE, T"
142,"RINALDI, N"
143,"YOO, J"
144,"ROBERT, F"
145,"GORDON, D"
146,"FRAENKEL, E"
147,"JAAKKOLA, T"
148,"YOUNG, R"
149,"BARRAT, A"
150,"PASTORSATORRAS, R"
151,"VESPIGNANI, A"
152,"WEIGT, M"
153,"BARRETO, E"
154,"SO, P"
155,"GLUCKMANN, B"
156,"SCHIFF, S"
157,"GONDRAN, B"
158,"GUICHARD, E"
159,"BARYAM, Y"
160,"BATAGELJ, V"
161,"MRVAR, A"
162,"BATTISTON, S"
163,"CATANZARO, M"
164,"BATTY, M"
165,"LONGLEY, P"
166,"BAUER, M"
167,"BERNARD, D"
168,"BAVELAS, A"
169,"BCHKLOVSKII, D"
170,"SCHIKORSKI, T"
171,"STEVENS, C"
172,"BEARMAN, P"
173,"MOODY, J"
174,"STOVEL, K"
175,"BEKESSY, A"
176,"BEKESSY, P"
177,"KOMLOS, J"
178,"BELL, H"
179,"BELYKH, I"
180,"BELYKH, V"
181,"HASLER, M"
182,"BENDER, E"
183,"CANFIELD, E"
184,"BENNAIM, E"
185,"FRAUENFELDER, H"
186,"TOROCZKAI, Z"
187,"BERG, J"
188,"LASSIG, M"
189,"WAGNER, A"
190,"BERLOW, E"
191,"BERNARDES, A"
192,"COSTA, U"
193,"ARAUJO, A"
194,"KERTESZ, J"
195,"BERNARD, H"
196,"KILLWORTH, P"
197,"EVANS, M"
198,"MCCARTY, C"
199,"SHELLEY, G"
200,"BHAN, A"
201,"GALAS, D"
202,"DEWEY, T"
203,"CAPOCCI, A"
204,"BIGGS, N"
205,"BILKE, S"
206,"PETERSON, C"
207,"BLANCHARD, P"
208,"CHANG, C"
209,"KRUGER, T"
210,"BLASIUS, B"
211,"HUPPERT, A"
212,"STONE, L"
213,"BLOWER, S"
214,"SAMUEL, M"
215,"WILEY, J"
216,"BOCCALETTI, S"
217,"BRAGARD, J"
218,"MANCINI, H"
219,"KURTHS, J"
220,"VALLADARES, D"
221,"OSIPOV, G"
222,"ZHOU, C"
223,"PELAEZ, A"
224,"MAZA, D"
225,"BOGUNA, M"
226,"BOHLAND, J"
227,"MINAI, A"
228,"BOLLOBAS, B"
229,"RIORDAN, O"
230,"SPENCER, J"
231,"TUSNADY, G"
232,"BONACICH, P"
233,"BONANNO, G"
234,"LILLO, F"
235,"MANTEGNA, R"
236,"BONNEKOH, J"
237,"BORDENS, M"
238,"GOMEZ, I"
239,"BORGATTI, S"
240,"EVERETT, M"
241,"FOSTER, P"
242,"BORGERS, C"
243,"KOPELL, N"
244,"BORNHOLDT, S"
245,"EBEL, H"
246,"ROHLF, T"
247,"SCHUSTER, H"
248,"BOTA, M"
249,"DONG, H"
250,"SWANSON, L"
251,"MENDOZA, C"
252,"HENTSCHEL, H"
253,"BRANDES, U"
254,"BREIGER, R"
255,"BOORMAN, S"
256,"ARABIE, P"
257,"BRESSLER, S"
258,"BRIN, S"
259,"PAGE, L"
260,"BROADBENT, S"
261,"HAMMERSLEY, J"
262,"BRODER, A"
263,"KUMAR, R"
264,"MAGHOUL, F"
265,"RAGHAVAN, P"
266,"RAJAGOPALAN, S"
267,"STATA, R"
268,"TOMKINS, A"
269,"WIENER, J"
270,"BROIDA, A"
271,"CLAFFY, K"
272,"BUCHANAN, M"
273,"BUCHEL, C"
274,"COULL, J"
275,"FRISTON, K"
276,"BUCOLO, M"
277,"FORTUNA, L"
278,"LAROSA, M"
279,"BUHL, J"
280,"GAUTRAIS, J"
281,"SOLE, R"
282,"KUNTZ, P"
283,"VALVERDE, S"
284,"DENEUBOURG, J"
285,"THERAULAZ, G"
286,"BURDA, Z"
287,"CORREIA, J"
288,"KRZYWICKI, A"
289,"JURKIEWICZ, J"
290,"BURIONI, R"
291,"CASSI, D"
292,"VEZZANI, A"
293,"BURNS, G"
294,"YOUNG, M"
295,"BURT, R"
296,"BUZSAKI, G"
297,"CHROBAK, J"
298,"GEISLER, C"
299,"HENZE, D"
300,"WANG, X"
301,"CALDARELLI, G"
302,"DELOSRIOS, P"
303,"MUNOZ, M"
304,"COCCETTI, F"
305,"CALLAWAY, D"
306,"HOPCROFT, J"
307,"KLEINBERG, J"
308,"STROGATZ, S"
309,"WATTS, D"
310,"CAMACHO, J"
311,"CAMPBELL, N"
312,"REECE, J"
313,"CAMPBELL, S"
314,"WANG, D"
315,"JAYAPRAKASH, C"
316,"SERVEDIO, V"
317,"COLAIORI, F"
318,"CARLSON, J"
319,"DOYLE, J"
320,"CARRERAS, B"
321,"LYNCH, V"
322,"DOBSON, I"
323,"NEWMAN, D"
324,"DOLROU, I"
325,"POOLE, A"
326,"CARUSO, F"
327,"LATORA, V"
328,"RAPISARDA, A"
329,"TADIC, B"
330,"CASTELLANO, C"
331,"VILONE, D"
332,"CATANIA, J"
333,"COATES, T"
334,"KEGELS, S"
335,"FULLILOVE, M"
336,"CHALLET, D"
337,"ZHANG, Y"
338,"CHAN, D"
339,"HUGHES, B"
340,"LEONG, A"
341,"REED, W"
342,"CHATE, H"
343,"PIKOVSKY, A"
344,"RUDZICK, O"
345,"CHAVEZ, M"
346,"HWANG, D"
347,"AMANN, A"
348,"CHEN, Q"
349,"CHANG, H"
350,"GOVINDAN, R"
351,"JAMIN, S"
352,"SHENKER, S"
353,"WILLINGER, W"
354,"CHEN, Y"
355,"RANGARAJAN, G"
356,"DING, M"
357,"CHERNIAK, C"
358,"CHANGIZI, M"
359,"KANG, D"
360,"MOKHTARZADA, Z"
361,"RODRIGUEZESTEBAN, R"
362,"CHKLOVSKII, D"
363,"KOULAKOV, A"
364,"MEL, B"
365,"SVOBODA, K"
366,"CHOWELL, G"
367,"HYMAN, J"
368,"EUBANK, S"
369,"VU, V"
370,"CLAUSET, A"
371,"MOORE, C"
372,"COHEN, J"
373,"BRIAND, F"
374,"NEWMAN, C"
375,"COHEN, R"
376,"BENAVRAHAM, D"
377,"HAVLIN, S"
378,"EREZ, K"
379,"CONNOR, R"
380,"HEITHAUS, M"
381,"BARRE, L"
382,"COPPERSMITH, S"
383,"KADANOFF, L"
384,"ZHANG, Z"
385,"CORDES, D"
386,"HAUGHTON, V"
387,"ARFANAKIS, K"
388,"CAREW, J"
389,"TURSKI, P"
390,"MORITZ, C"
391,"QUIGLEY, M"
392,"MEYERAND, M"
393,"CORMAN, S"
394,"KUHN, T"
395,"MCPHEE, R"
396,"DOOLEY, K"
397,"CORMEN, T"
398,"LEISERSON, C"
399,"RIVEST, R"
400,"STEIN, C"
401,"COSENZA, S"
402,"CRUCITTI, P"
403,"FRASCA, M"
404,"STAGNI, C"
405,"USAI, L"
406,"COULUMB, S"
407,"CRANE, D"
408,"CRIADO, R"
409,"FLORES, J"
410,"HERNANDEZBERMEJO, B"
411,"PELLO, J"
412,"ROMANCE, M"
413,"GARCIADELAMO, A"
414,"CRICK, F"
415,"KOCH, C"
416,"MARCHIORI, M"
417,"PORTA, S"
418,"CSANYI, G"
419,"SZENDROI, B"
420,"CSERMELY, P"
421,"CSETE, M"
422,"CUNHA, C"
423,"BESTAVROS, A"
424,"CROVELLA, M"
425,"CVETKOVIC, D"
426,"DOOB, M"
427,"SACHS, H"
428,"DAFONTOURACOSTA, L"
429,"DIAMBRA, L"
430,"DALEY, D"
431,"GANI, J"
432,"KENDALL, D"
433,"DALL, J"
434,"CHRISTENSEN, M"
435,"DAVIDSEN, J"
436,"DAVIS, A"
437,"GARDNER, B"
438,"GARDNER, M"
439,"DAVIS, G"
440,"GREVE, H"
441,"YOO, M"
442,"DEARCANGELIS, L"
443,"HERRMANN, H"
444,"DECASTRO, R"
445,"GROSSMAN, J"
446,"DEFFUANT, G"
447,"NEAU, D"
448,"AMBLARD, F"
449,"WEISBUCH, G"
450,"DEFRAYSSEIX, H"
451,"DEGROOT, M"
452,"DELIMAESILVA, D"
453,"MEDEIROSSOARES, M"
454,"HENRIQUES, M"
455,"SCHIVANIALVES, M"
456,"DEAGUILAR, S"
457,"DECARVALHO, T"
458,"CORSO, G"
459,"LUCENA, L"
460,"DELUCIA, M"
461,"BOTTACCIO, M"
462,"MONTUORI, M"
463,"PIETRONERO, L"
464,"DEMENEZES, M"
465,"MOUKARZEL, C"
466,"PENNA, T"
467,"DEMERS, A"
468,"GREENE, D"
469,"HAUSER, C"
470,"IRISH, W"
471,"LARSON, J"
472,"DEMOURA, A"
473,"MOTTER, A"
474,"GREBOGI, C"
475,"DERRIDA, B"
476,"FLYVBJERG, H"
477,"GARDNER, E"
478,"ZIPPELIUS, A"
479,"DESHAZER, D"
480,"BREBAN, R"
481,"OTT, E"
482,"ROY, R"
483,"DESTEXHE, A"
484,"MARDER, E"
485,"DEZSO, Z"
486,"DIEKMANN, O"
487,"HEESTERBEEK, J"
488,"DOBRIN, R"
489,"BEG, Q"
490,"DODDS, P"
491,"MUHAMAD, R"
492,"ROTHMAN, D"
493,"SABEL, C"
494,"DODEL, S"
495,"HERRMANN, J"
496,"GEISEL, T"
497,"DONATH, W"
498,"HOFFMAN, A"
499,"DONETTI, L"
500,"DOROGOVTSEV, S"
501,"GOLTSEV, A"
502,"MENDES, J"
503,"SAMUKHIN, A"
504,"DOYE, J"
505,"DU, D"
506,"GU, J"
507,"DUNNE, J"
508,"WILLIAMS, R"
509,"MARTINEZ, N"
510,"DURRETT, R"
511,"EAMES, K"
512,"KEELING, M"
513,"MIELSCH, L"
514,"ECHENIQUE, P"
515,"GOMEZGARDENES, J"
516,"MORENO, Y"
517,"VAZQUEZ, A"
518,"ECKMANN, J"
519,"MOSES, E"
520,"EGGHE, L"
521,"ROUSSEAU, R"
522,"EGUILUZ, V"
523,"CHIALVO, D"
524,"CECCHI, G"
525,"BALIKI, M"
526,"APKARIAN, A"
527,"KLEMM, K"
528,"EIGEN, M"
529,"SCHUSTER, P"
530,"EISENBERG, D"
531,"MARCOTTE, E"
532,"XENARIOS, I"
533,"YEATES, T"
534,"EISENBERG, E"
535,"LEVANON, E"
536,"ELDAR, A"
537,"ENGEL, A"
538,"FRIES, P"
539,"SINGER, W"
540,"MOLL, C"
541,"FRIED, I"
542,"OJEMANN, G"
543,"ENNIS, J"
544,"ERDOS, P"
545,"RENYI, A"
546,"ERGUN, G"
547,"RODGERS, G"
548,"ERIKSEN, K"
549,"SIMONSEN, I"
550,"MASLOV, S"
551,"EVERITT, B"
552,"FABRIKANT, A"
553,"KOUTSOUPIAS, E"
554,"PAPADIMITRIOU, C"
555,"FALCONER, K"
556,"FALOUTSOS, M"
557,"FALOUTSOS, P"
558,"FALOUTSOS, C"
559,"FARARO, T"
560,"SUNSHINE, M"
561,"FARKAS, I"
562,"DERENYI, I"
563,"FAUST, K"
564,"WILLERT, K"
565,"ROWLEE, D"
566,"SKVORETZ, J"
567,"FELL, D"
568,"FELLEMAN, D"
569,"VANESSEN, D"
570,"FEMAT, R"
571,"SOLISPERALES, G"
572,"FERGUSON, N"
573,"GARNETT, G"
574,"FERRERICANCHO, R"
575,"JANSSEN, C"
576,"KOHLER, R"
577,"FIDUCCIA, C"
578,"MATTHEYSES, R"
579,"FIEDLER, M"
580,"FILATRELLA, G"
581,"STRAUGHN, B"
582,"BARBARA, P"
583,"FINGELKURTS, A"
584,"KAHKONEN, S"
585,"FINK, K"
586,"JOHNSON, G"
587,"CARROLL, T"
588,"FITZHUGH, R"
589,"FLAKE, G"
590,"LAWRENCE, S"
591,"GILES, C"
592,"COETZEE, F"
593,"FONTES, L"
594,"SCHONMANN, R"
595,"SPATA, A"
596,"FORTUNATO, S"
597,"FOSTER, I"
598,"KESSELMAN, C"
599,"FOX, J"
600,"HILL, C"
601,"FRANK, L"
602,"FRANK, O"
603,"STRAUSS, D"
604,"FREEMAN, L"
605,"FRENCH, J"
606,"FRITH, C"
607,"LIDDLE, P"
608,"FRACKOWIAK, R"
609,"FRONCZAK, A"
610,"FRONCZAK, P"
611,"JEDYNAK, M"
612,"SIENKIEWICZ, J"
613,"FU, C"
614,"FUJISAKA, H"
615,"YAMADA, T"
616,"GADE, P"
617,"HU, C"
618,"GAFIYCHUK, V"
619,"LUBASHEVSKY, I"
620,"STOSYK, A"
621,"GALASKIEWICZ, J"
622,"MARSDEN, P"
623,"GALSTYAN, A"
624,"LERMAN, K"
625,"GAMMAITONI, L"
626,"HANGGI, P"
627,"JUNG, P"
628,"MARCHESONI, F"
629,"GAO, Z"
630,"HU, B"
631,"HU, G"
632,"GAREY, M"
633,"JOHNSON, D"
634,"GARFIELD, E"
635,"GARFINKEL, I"
636,"GLEI, D"
637,"MCLANAHAN, S"
638,"GARLASCHELLI, D"
639,"CASTRI, M"
640,"LOFFREDO, M"
641,"GASTNER, M"
642,"GAUTHIER, D"
643,"BIENFANG, J"
644,"GERSCHGORIN, S"
645,"GIOT, L"
646,"GIRVAN, M"
647,"GLANZ, J"
648,"PEREZPENA, R"
649,"GLASS, L"
650,"GLEISS, P"
651,"STADLER, P"
652,"GOH, K"
653,"GHIM, C"
654,"KAHNG, B"
655,"KIM, D"
656,"LEE, D"
657,"OH, E"
658,"GOLDBERG, D"
659,"NICHOLS, D"
660,"OKI, B"
661,"TERRY, D"
662,"GOLDBETER, A"
663,"GONZE, D"
664,"HOUART, G"
665,"LELOUP, J"
666,"DUPONT, G"
667,"GOLDWASSER, L"
668,"ROUGHGARDEN, J"
669,"GOLOMB, D"
670,"HANSEL, D"
671,"RINZEL, J"
672,"GOLUB, G"
673,"VANLOAN, C"
674,"FLORIA, L"
675,"GONZALES, M"
676,"SOUSA, A"
677,"HALLY, J"
678,"GOODHILL, A"
679,"SIMMEN, M"
680,"WILLSHAW, D"
681,"GOODMAN, M"
682,"HALL, D"
683,"AVERY, L"
684,"LOCKERY, S"
685,"GORMAN, S"
686,"TANGMUNARUNKIT, H"
687,"GRANOVETTER, M"
688,"GRASSBERGER, P"
689,"GRAY, C"
690,"KONIG, P"
691,"GREENHALGH, D"
692,"GREGOIRE, G"
693,"GROSS, J"
694,"KUJALA, J"
695,"HAMALAINEN, M"
696,"TIMMERMANN, L"
697,"SCHNITZLER, A"
698,"SALMELIN, R"
699,"ION, P"
700,"GUARDIOLA, X"
701,"LLAS, M"
702,"PEREZ, C"
703,"GUARE, J"
704,"GUELZIM, N"
705,"BOTTANI, S"
706,"BOURGINE, P"
707,"KEPES, F"
708,"GIRALT, F"
709,"MOSSA, S"
710,"TURTSCHI, A"
711,"GUPTA, S"
712,"HALL, G"
713,"BAHAR, S"
714,"HALL, K"
715,"HARI, R"
716,"ILMONIEMI, R"
717,"KNUUTILA, J"
718,"LOUNASMAA, O"
719,"HANDCOCK, M"
720,"JONES, J"
721,"SOMPOLINSKY, H"
722,"HARARY, F"
723,"HARWELL, L"
724,"HOPFIELD, J"
725,"LEIBLER, S"
726,"MURRAY, A"
727,"HAYES, B"
728,"HAYNIE, D"
729,"HEAGY, J"
730,"HEGSELMANN, R"
731,"KRAUSE, U"
732,"HE, M"
733,"XU, H"
734,"SUN, Q"
735,"HERRERO, C"
736,"HERRMANN, C"
737,"PROVERO, P"
738,"HONG, D"
739,"ROUX, S"
740,"HETHCOTE, H"
741,"HIGHAM, D"
742,"HILGETAG, C"
743,"ONEILL, M"
744,"SCANNELL, J"
745,"GRANT, A"
746,"KAISER, M"
747,"HILLIER, B"
748,"HANSON, J"
749,"HIRSCH, J"
750,"HODGKIN, A"
751,"HUXLEY, A"
752,"HOFF, P"
753,"RAFTERY, A"
754,"HOLLAND, P"
755,"LEINHARDT, S"
756,"HOLME, P"
757,"EDLING, C"
758,"LILJEROS, F"
759,"GHOSHAL, G"
760,"HUSS, M"
761,"KIM, B"
762,"YOON, C"
763,"HAN, S"
764,"TRUSINA, A"
765,"MINNHAGEN, P"
766,"HOLMGREN, C"
767,"HARKANY, T"
768,"SVENNENFORS, B"
769,"ZILBERTER, Y"
770,"HOLTER, N"
771,"MITRA, M"
772,"CIEPLAK, M"
773,"FEDROFF, N"
774,"HONG, H"
775,"CHOI, M"
776,"PARK, H"
777,"HORN, N"
778,"RUPPIN, E"
779,"HORWITZ, B"
780,"HUFNAGEL, L"
781,"BROCKMANN, D"
782,"HUGENII, C"
783,"YANG, J"
784,"LIU, W"
785,"HUXHAM, M"
786,"BEANEY, S"
787,"RAFFAELLI, D"
788,"LOPEZRUIZ, R"
789,"IAMNITCHI, A"
790,"RIPEANU, M"
791,"ICHINOMIYA, T"
792,"IGOSHIN, O"
793,"KAISER, D"
794,"OSTER, G"
795,"IHMELS, J"
796,"FRIEDLANDER, G"
797,"BERGMANN, S"
798,"OFERSARIG, Y"
799,"ITO, T"
800,"CHIBA, T"
801,"OZAWA, R"
802,"YOSHIDA, M"
803,"HATTORI, M"
804,"SAKAKI, Y"
805,"ITZKOVITZ, S"
806,"MILO, R"
807,"KASHTAN, N"
808,"ZIV, G"
809,"JACOB, F"
810,"MONOD, J"
811,"JACOBSON, V"
812,"JAFFE, A"
813,"TRAJTENBERG, M"
814,"JAIN, A"
815,"MURTY, M"
816,"FLYNN, P"
817,"JAIN, S"
818,"KRISHNA, S"
819,"JALAN, S"
820,"AMRITKAR, R"
821,"JANKOWSKI, S"
822,"LONDEI, A"
823,"MAZUR, C"
824,"LOZOWSKI, A"
825,"JANSEN, R"
826,"YU, H"
827,"GREENBAUM, D"
828,"KLUGER, Y"
829,"KROGAN, N"
830,"CHUNG, S"
831,"EMILI, A"
832,"SNYDER, M"
833,"GREENBLATT, J"
834,"GERSTEIN, M"
835,"JANSON, S"
836,"LUCZAK, T"
837,"RUCINSKI, A"
838,"JENSEN, H"
839,"MASON, S"
840,"TOMBOR, B"
841,"JESPERSEN, S"
842,"BLUMEN, A"
843,"SOKOLOV, I"
844,"JIA, L"
845,"SANO, M"
846,"LAI, P"
847,"CHAN, C"
848,"JIANG, B"
849,"CLARAMUNT, C"
850,"JIANG, Y"
851,"LOZADACASSOU, M"
852,"VINET, A"
853,"JIN, E"
854,"JOHNSON, S"
855,"JORDANO, P"
856,"BASCOMPTE, J"
857,"OLESEN, J"
858,"JOSIC, K"
859,"JOY, M"
860,"JOUVE, B"
861,"ROSENTIEHL, P"
862,"IMBERT, M"
863,"JUNG, S"
864,"KIM, S"
865,"PARK, Y"
866,"KALAPALA, V"
867,"SANWALANI, V"
868,"KANEKO, K"
869,"KARBOWSKI, J"
870,"KAREV, G"
871,"WOLF, Y"
872,"RZHETSKY, A"
873,"BEREZOVSKAYA, F"
874,"KOONIN, E"
875,"KARINTHY, F"
876,"KARONSKI, M"
877,"KARP, P"
878,"RILEY, M"
879,"PALEY, S"
880,"PELLEGRINITOOLE, A"
881,"KRUMMENACKER, M"
882,"KAUFFMAN, S"
883,"KAUTZ, H"
884,"SELMAN, B"
885,"SHAH, M"
886,"KEPHART, J"
887,"WHITE, S"
888,"KERMARREC, A"
889,"GANESH, A"
890,"MASSOULIE, L"
891,"KERNIGHAN, B"
892,"CHUNG, J"
893,"KIM, J"
894,"KINNEY, R"
895,"KINOUCHI, O"
896,"MARTINEZ, A"
897,"LIMA, G"
898,"LOURENC, G"
899,"RISAUGUSMAN, S"
900,"KIRKPATRICK, S"
901,"GELATT, C"
902,"VECCHI, M"
903,"KISS, I"
904,"ZHAI, Y"
905,"HUDSON, J"
906,"KLECZKOWSKI, A"
907,"GRENFELL, B"
908,"KUMAR, S"
909,"KLEVECZ, R"
910,"BOLEN, J"
911,"DURAN, O"
912,"KLOVDAHL, A"
913,"POTTERAT, J"
914,"WOODHOUSE, D"
915,"MUTH, J"
916,"MUTH, S"
917,"DARROW, W"
918,"KLYACHKO, V"
919,"KNUTH, D"
920,"KOCAREV, L"
921,"PARLITZ, U"
922,"LAURENT, G"
923,"KOCH, M"
924,"NORRIS, D"
925,"HUNDGEORGIADIS, M"
926,"PATURI, R"
927,"ERMENTROUT, B"
928,"KOR, J"
929,"KORTE, C"
930,"MILGRAM, S"
931,"KOTTER, R"
932,"STEPHAN, K"
933,"SOMMER, F"
934,"LEYVRAZ, F"
935,"KRAUSE, A"
936,"FRANK, K"
937,"MASON, D"
938,"TAYLOR, W"
939,"KREBS, V"
940,"KREE, R"
941,"KRETZSCHMAR, M"
942,"VANDUYNHOVEN, Y"
943,"SEVERIJNEN, A"
944,"SIVAKUMAR, D"
945,"UPFAL, E"
946,"ZANETTE, D"
947,"KURAMOTO, Y"
948,"NAKAO, H"
949,"KWON, O"
950,"MOON, H"
951,"LAGOFERNANDEZ, L"
952,"CORBACHO, F"
953,"HUERTA, R"
954,"SIGUENZA, J"
955,"LAHTINEN, J"
956,"KASKI, K"
957,"LAWNICZAK, A"
958,"MAXIE, K"
959,"GERISCH, A"
960,"LEE, L"
961,"HARRISON, L"
962,"MECHELLI, A"
963,"LEONE, M"
964,"ZECCHINA, R"
965,"LEVANQUYEN, M"
966,"QUILICHINI, P"
967,"BERNARD, C"
968,"ESCLAPEZ, M"
969,"BENARI, Y"
970,"GOZLAN, H"
971,"LEVIN, S"
972,"LI, C"
973,"CHEN, G"
974,"LIEBERMAN, E"
975,"HAUERT, C"
976,"NOWAK, M"
977,"ABERG, Y"
978,"LI, R"
979,"ERNEUX, T"
980,"LI, S"
981,"WAND, H"
982,"OUYANG, Q"
983,"LIU, Z"
984,"LAI, Y"
985,"HOPPENSTEADT, F"
986,"YE, N"
987,"LI, W"
988,"CAI, X"
989,"LI, X"
990,"LLINAS, R"
991,"LLOYD, A"
992,"LOCKHART, D"
993,"WINZELER, E"
994,"LOGOTHETIS, N"
995,"PAULS, J"
996,"AUGATH, M"
997,"TRINATH, T"
998,"OELTERMANN, A"
999,"LORRAIN, F"
1000,"WHITE, H"
1001,"LOTKA, A"
1002,"LU, J"
1003,"YU, X"
1004,"CHEN, D"
1005,"LUSSEAU, D"
1006,"LU, W"
1007,"CHEN, T"
1008,"MACDONALD, P"
1009,"MACGRAW, P"
1010,"MENZINGER, M"
1011,"MAHADEVAN, R"
1012,"PALSSON, B"
1013,"MA, H"
1014,"ZENG, A"
1015,"MAJORANA, E"
1016,"MANGAN, S"
1017,"MANNA, S"
1018,"SEN, P"
1019,"MARI, C"
1020,"MARIOLIS, P"
1021,"RIGON, R"
1022,"GIACOMETTI, A"
1023,"RODRIGUEZITURBE, I"
1024,"MARODI, M"
1025,"DOVIDIO, F"
1026,"MARRO, J"
1027,"DICKMAN, R"
1028,"MARTIN, R"
1029,"ANDRAS, P"
1030,"ZALIZNYAK, A"
1031,"MASOLLER, C"
1032,"MARTI, A"
1033,"MASSUNAGA, M"
1034,"BAHIANA, M"
1035,"MASUDA, N"
1036,"AIHARA, K"
1037,"MIWA, H"
1038,"KONNO, N"
1039,"MATTHEWS, P"
1040,"MIROLLO, R"
1041,"VALLONE, A"
1042,"MCCANN, K"
1043,"HASTINGS, A"
1044,"HUXEL, G"
1045,"MCGRAW, P"
1046,"MEESTER, R"
1047,"MEHRING, C"
1048,"HEHL, U"
1049,"KUBO, M"
1050,"DIESMANN, M"
1051,"MEHTA, M"
1052,"MELIN, G"
1053,"PERSSON, O"
1054,"MENCZER, F"
1055,"BELEW, R"
1056,"PANT, G"
1057,"RUIZ, M"
1058,"SRINIVASAN, P"
1059,"MERTON, R"
1060,"MEWES, H"
1061,"FRISHMAN, D"
1062,"GULDENER, U"
1063,"MANNHAUPT, G"
1064,"MAYER, K"
1065,"MOKREJS, M"
1066,"MORGENSTERN, B"
1067,"MUNSTERKOTTER, M"
1068,"RUDD, S"
1069,"WEIL, B"
1070,"LEVITT, R"
1071,"SHENORR, S"
1072,"AYZENSHTAT, I"
1073,"SHEFFER, M"
1074,"LEVY, W"
1075,"MITCHELL, M"
1076,"MIZRUCHI, M"
1077,"MOHAR, B"
1078,"MOLLOY, M"
1079,"REED, B"
1080,"MONASSON, R"
1081,"MONTOYA, J"
1082,"MOREIRA, A"
1083,"ANDRADE, J"
1084,"MORELLI, L"
1085,"MORENO, J"
1086,"GOMEZ, J"
1087,"PACHECO, A"
1088,"NEKOVEE, M"
1089,"VAZQUEZPRADA, M"
1090,"MORRIS, M"
1091,"DASGUPTA, P"
1092,"NISHIKAWA, T"
1093,"MROWKA, R"
1094,"PATZAK, A"
1095,"HERZEL, H"
1096,"HOLSTE, D"
1097,"MULLER, J"
1098,"SCHONFISCH, B"
1099,"KIRKILIONIS, M"
1100,"MURRAY, J"
1101,"NAGUMO, J"
1102,"ARIMOTO, S"
1103,"YOSHIZAWA, S"
1104,"NAKAMURA, I"
1105,"NEIMAN, A"
1106,"PEI, X"
1107,"RUSSELL, D"
1108,"WOJTENEK, W"
1109,"WILKENS, L"
1110,"MOSS, F"
1111,"BRAUN, H"
1112,"HUBER, M"
1113,"VOIGT, K"
1114,"NEMETH, G"
1115,"VATTAY, G"
1116,"NETOFF, T"
1117,"CLEWLEY, R"
1118,"ARNO, S"
1119,"KECK, T"
1120,"WHITE, J"
1121,"FORREST, S"
1122,"BALTHROP, J"
1123,"LEICHT, E"
1124,"NIEBUR, E"
1125,"KAMMEN, D"
1126,"NIEMINEN, J"
1127,"NOH, J"
1128,"RIEGER, H"
1129,"SIGMUND, K"
1130,"RHO, K"
1131,"OHIRA, T"
1132,"SAWATARI, R"
1133,"OKANE, D"
1134,"TREVES, A"
1135,"ONNELA, J"
1136,"CHAKRABORTI, A"
1137,"KANTO, A"
1138,"JARISARAMAKI, J"
1139,"ONODY, R"
1140,"DECASTRO, P"
1141,"OOSAWA, C"
1142,"SAVAGEAU, M"
1143,"ORAM, A"
1144,"OSBORNE, M"
1145,"ROSENBLUM, M"
1146,"OTSUKA, K"
1147,"KAWAI, R"
1148,"HWONG, S"
1149,"KO, J"
1150,"CHERN, J"
1151,"OVERBAY, T"
1152,"OVERBEEK, R"
1153,"LARSEN, N"
1154,"PUSCH, G"
1155,"DSOUZA, M"
1156,"SELKOVJR, E"
1157,"KYRPIDES, N"
1158,"FONSTEIN, M"
1159,"MALTSEV, N"
1160,"SELKOV, E"
1161,"OZANA, M"
1162,"BASSLER, K"
1163,"CORRAL, A"
1164,"PADGETT, J"
1165,"ANSELL, C"
1166,"MOTWANI, R"
1167,"WINOGRAD, T"
1168,"PANDEY, A"
1169,"MANN, M"
1170,"PANDIT, S"
1171,"PANDYA, R"
1172,"PARK, J"
1173,"PARMANANDA, P"
1174,"PASEMANN, F"
1175,"PASSINGHAM, R"
1176,"STHEPAN, K"
1177,"RUBI, M"
1178,"SMITH, E"
1179,"PEKALSKI, A"
1180,"PENNOCK, D"
1181,"GLOVER, E"
1182,"PETERMANNN, T"
1183,"PIMM, S"
1184,"PINTO, S"
1185,"LOPES, S"
1186,"VIANA, R"
1187,"PIOT, P"
1188,"PITTS, F"
1189,"PLUCHINO, A"
1190,"PODANI, J"
1191,"SZATHMARY, E"
1192,"POLIS, G"
1193,"POOL, I"
1194,"KOCHEN, M"
1195,"PORTER, M"
1196,"MUCHA, P"
1197,"WARMBRAND, C"
1198,"POTHEN, A"
1199,"SIMON, H"
1200,"LIOU, K"
1201,"ROTHENBERG, R"
1202,"ZIMMERMANROGER, H"
1203,"GREEN, D"
1204,"TAYLOR, J"
1205,"BONNEY, M"
1206,"PHILLIPSPLUMMER, L"
1207,"MALDONADOLONG, T"
1208,"ZIMMERMAN, H"
1209,"POWELL, W"
1210,"WHITE, D"
1211,"KOPUT, K"
1212,"OWENSMITH, J"
1213,"PRICE, D"
1214,"RADICCHI, F"
1215,"CECCONI, F"
1216,"LORETO, V"
1217,"PARISI, D"
1218,"RAGHAVACHARI, S"
1219,"GLAZIER, J"
1220,"RAIN, J"
1221,"RAMASCO, J"
1222,"RAMEZANPOUR, A"
1223,"KARIMIPOUR, V"
1224,"MASHAGHI, A"
1225,"RAPOPORT, A"
1226,"CHAMMAH, A"
1227,"HORVATH, W"
1228,"SOMERA, A"
1229,"MONGRU, D"
1230,"REICHARDT, J"
1231,"RESNICK, P"
1232,"VARIAN, H"
1233,"RESS, G"
1234,"KREIMAN, G"
1235,"RESTREPO, J"
1236,"HUNT, B"
1237,"RIVES, A"
1238,"GALITSKI, T"
1239,"DARBYDOWMAN, K"
1240,"ROETHLISBERGER, F"
1241,"DICKSON, W"
1242,"ROGERS, J"
1243,"WILLE, L"
1244,"ROGISTER, F"
1245,"THORNBURG, K"
1246,"FABINY, L"
1247,"MOLLER, M"
1248,"ROMANO, S"
1249,"EGUIA, M"
1250,"ROSA, E"
1251,"HESS, M"
1252,"ROSATO, V"
1253,"BOLOGNA, S"
1254,"TIRITICCO, F"
1255,"ROSVALL, M"
1256,"BALDWIN, J"
1257,"TROTTER, R"
1258,"ROUGEMONT, J"
1259,"HINGAMP, P"
1260,"ROXIN, A"
1261,"RIECKE, H"
1262,"SOLLA, S"
1263,"ROZENFELD, A"
1264,"RULKOV, N"
1265,"SUSHCHIK, M"
1266,"TSIMRING, L"
1267,"ABARBANEL, H"
1268,"GOMEZ, S"
1269,"SABIDUSSI, G"
1270,"SACHTJEN, M"
1271,"SAKAGUCHI, H"
1272,"SHINOMOTO, S"
1273,"SANDER, L"
1274,"WARREN, C"
1275,"SIMON, C"
1276,"KOOPMAN, J"
1277,"SATOR, N"
1278,"BLACKMORE, C"
1279,"GRANT, S"
1280,"PAYNE, B"
1281,"BADDELEY, R"
1282,"SCHAFER, C"
1283,"ABEL, H"
1284,"SCHELLING, T"
1285,"SCHNEEBERGER, A"
1286,"SCHUSTER, S"
1287,"PFEIFFER, T"
1288,"MOLDENHAUER, F"
1289,"KOCH, I"
1290,"DANDEKAR, T"
1291,"SCHUZ, A"
1292,"SCHWARTZ, I"
1293,"BILLINGS, L"
1294,"BOLLT, E"
1295,"SCHWARTZ, N"
1296,"SCOTT, J"
1297,"SEARLS, D"
1298,"SEARY, A"
1299,"RICHARDS, W"
1300,"SEDGEWICK, R"
1301,"SEGLEN, P"
1302,"SEIDMAN, S"
1303,"BANERJEE, K"
1304,"BISWAS, T"
1305,"CHAKRABARTI, B"
1306,"DASGUPTA, S"
1307,"CHATTERJEE, A"
1308,"SREERAM, P"
1309,"MUKHERJEE, G"
1310,"SHARDANAND, U"
1311,"MAES, P"
1312,"SHEFI, O"
1313,"GOLDING, I"
1314,"SEGEV, R"
1315,"BENJACOB, E"
1316,"AYALI, A"
1317,"SHEPARD, R"
1318,"SHERRINGTON, D"
1319,"SHOCKLEY, W"
1320,"SHUAI, J"
1321,"DURAND, D"
1322,"SIGMAN, M"
1323,"SIMARD, D"
1324,"NADEAU, L"
1325,"KROGER, H"
1326,"SINGH, B"
1327,"GUPTE, N"
1328,"SMITH, D"
1329,"TIMBERLAKE, M"
1330,"SMITH, R"
1331,"SNEL, B"
1332,"BORK, P"
1333,"HUYNEN, M"
1334,"SNIJDERS, T"
1335,"SOARES, D"
1336,"TSALLIS, C"
1337,"MARIZ, A"
1338,"DASILVA, L"
1339,"SOCOLAR, J"
1340,"SODERBERG, B"
1341,"SOFFER, S"
1342,"KEPLER, T"
1343,"SALAZARCIUDAD, I"
1344,"GARCIAFERNANDEZ, J"
1345,"SOLOMONOFF, R"
1346,"CRISANTI, A"
1347,"SONG, C"
1348,"MAKSE, H"
1349,"SONG, S"
1350,"SJOSTROM, P"
1351,"REIGL, M"
1352,"NELSON, S"
1353,"SOTELO, C"
1354,"SPIRIN, V"
1355,"MIRNY, L"
1356,"SPORNS, O"
1357,"TONONI, G"
1358,"EDELMAN, G"
1359,"ZWI, J"
1360,"STAM, C"
1361,"AHARONY, A"
1362,"ADLER, J"
1363,"MEYERORTMANNS, H"
1364,"STELLING, J"
1365,"KLAMT, S"
1366,"BETTENBROCK, K"
1367,"GILLES, E"
1368,"KAMPER, L"
1369,"BOZKURT, A"
1370,"STEPHENSON, K"
1371,"ZELEN, M"
1372,"STEYVERS, M"
1373,"TENENBAUM, J"
1374,"STILLER, J"
1375,"NETTLE, D"
1376,"DUNBAR, R"
1377,"STILWELL, D"
1378,"ROBERSON, D"
1379,"STONEHAM, A"
1380,"STUART, J"
1381,"SUCHECKI, K"
1382,"SVENSON, P"
1383,"SWEDBERG, R"
1384,"SZABO, G"
1385,"ALAVA, M"
1386,"SZNAJDWERON, K"
1387,"SZNAJD, J"
1388,"SZYMANSKI, J"
1389,"THURNER, S"
1390,"TAKAYASU, M"
1391,"TAKAYASU, H"
1392,"SATO, T"
1393,"TANAKA, R"
1394,"TASS, P"
1395,"WEULE, M"
1396,"VOLKMANN, J"
1397,"FREUND, H"
1398,"TERMAN, D"
1399,"TICOS, C"
1400,"ROSAJR, E"
1401,"PARDO, W"
1402,"WALKENSTEIN, J"
1403,"MONTI, M"
1404,"TIERI, P"
1405,"VALENSIN, S"
1406,"CASTELLANI, G"
1407,"REMONDINI, D"
1408,"FRANCESCHI, C"
1409,"TIMME, M"
1410,"WOLF, F"
1411,"MCINTOSH, A"
1412,"TORNOW, S"
1413,"KOZMA, B"
1414,"HENGARTNER, N"
1415,"KORNISS, G"
1416,"TORRES, J"
1417,"GARRIDO, P"
1418,"TRAVERS, J"
1419,"DEALBUQUERQUE, M"
1420,"TSODYKS, M"
1421,"KENET, T"
1422,"GRINVALD, A"
1423,"ARIELI, A"
1424,"TYLER, J"
1425,"WILKINSON, D"
1426,"TYSON, J"
1427,"CSIKASZNAGE, A"
1428,"NOVAK, B"
1429,"UETZ, P"
1430,"CAGNEY, G"
1431,"MANSFIELD, T"
1432,"JUDSON, R"
1433,"KNIGHT, J"
1434,"LOCKSHON, D"
1435,"NARAYAN, V"
1436,"SRINIVASAN, M"
1437,"POCHART, P"
1438,"QURESHIEMILI, A"
1439,"LI, Y"
1440,"GODWIN, B"
1441,"CONOVER, D"
1442,"KALBFLEISCH, T"
1443,"VIJAYADAMODAR, G"
1444,"YANG, M"
1445,"JOHNSTON, M"
1446,"FIELDS, S"
1447,"ROTHBERG, J"
1448,"GLOT, L"
1449,"VALENTE, T"
1450,"FOREMAN, R"
1451,"CANCHO, R"
1452,"VANNUCCHI, F"
1453,"VANPUTTEN, M"
1454,"VANVREESWIJK, C"
1455,"VANWIGGEREN, G"
1456,"VARELA, F"
1457,"LACHAUX, J"
1458,"RODRIGUEZ, E"
1459,"MARTINERIE, J"
1460,"FLAMMINI, A"
1461,"VAZQUEZ, F"
1462,"VENKATESH, S"
1463,"VERDASCA, J"
1464,"VEZOLI, J"
1465,"FALCHIER, A"
1466,"KNOBLAUCH, K"
1467,"KENNEDY, H"
1468,"CZIROK, A"
1469,"COHEN, I"
1470,"SHOCHET, O"
1471,"VOGELSTEIN, B"
1472,"LANE, D"
1473,"LEVINE, A"
1474,"VOGELS, W"
1475,"VANRENESSE, R"
1476,"BIRMAN, K"
1477,"VOLCHENKOV, D"
1478,"VOLCHENKOVA, L"
1479,"VONNEUMANN, J"
1480,"MORGENSTERN, O"
1481,"VRAGOVIC, I"
1482,"LOUIS, E"
1483,"VUKADINOVIC, D"
1484,"HUANG, P"
1485,"ERLEBACH, T"
1486,"VUKMIROVIC, O"
1487,"TILGHMAN, S"
1488,"WALL, M"
1489,"HIAVACEK, W"
1490,"WALSH, T"
1491,"WANG, B"
1492,"ZHANG, F"
1493,"WANG, J"
1494,"DEWILDE, P"
1495,"WANG, S"
1496,"ZHANG, C"
1497,"XU, J"
1498,"PATTISON, P"
1499,"WAXMAN, B"
1500,"WEEKS, M"
1501,"CLAIR, S"
1502,"RADDA, K"
1503,"SCHENSUL, J"
1504,"WELLMAN, B"
1505,"SALAFF, J"
1506,"DIMITROVA, D"
1507,"GARTON, L"
1508,"GULIA, M"
1509,"HAYTHORNTHWAITE, C"
1510,"WEST, D"
1511,"WEST, G"
1512,"BROWN, J"
1513,"ENQUIST, B"
1514,"NAZER, N"
1515,"SOUTHGATE, E"
1516,"THOMPSON, J"
1517,"BRENNER, S"
1518,"WHITTINGTON, M"
1519,"TRAUB, R"
1520,"BUHL, E"
1521,"WINFREE, A"
1522,"WINFUL, H"
1523,"RAHMAN, L"
1524,"WOLFRAM, S"
1525,"WOOD, A"
1526,"WOLLENBERG, B"
1527,"WOOLF, M"
1528,"WORMALD, N"
1529,"WUCHTY, S"
1530,"WU, C"
1531,"CHUA, L"
1532,"WU, F"
1533,"RICE, D"
1534,"SALWINSKI, L"
1535,"BARON, M"
1536,"XULVIBRUNET, R"
1537,"YANG, K"
1538,"HUANG, L"
1539,"YANG, L"
1540,"YAN, G"
1541,"ZHOU, T"
1542,"FU, Z"
1543,"YAOUM, Y"
1544,"LAUMANN, E"
1545,"YEHIA, A"
1546,"JEANDUPREUX, D"
1547,"ALONSO, F"
1548,"GUEVARA, M"
1549,"YEUNG, M"
1550,"YOOK, S"
1551,"TU, Y"
1552,"YOUNG, H"
1553,"SAGER, J"
1554,"CSARDI, G"
1555,"HAGA, P"
1556,"YUSONG, T"
1557,"LINGJIANG, K"
1558,"MUREN, L"
1559,"ZACHARY, W"
1560,"ZAKS, M"
1561,"PARK, E"
1562,"ZASLAVER, A"
1563,"MAYO, A"
1564,"ROSENBERG, R"
1565,"BASHKIN, P"
1566,"SBERRO, H"
1567,"TSALYUK, M"
1568,"ZEKRI, N"
1569,"CLERC, J"
1570,"CERDEIRA, H"
1571,"CHEN, S"
1572,"BRAUN, T"
1573,"YAO, Y"
1574,"ZHAN, M"
1575,"ZHENG, D"
1576,"TRIMPER, S"
1577,"ZHENG, B"
1578,"HUI, P"
1579,"ZHENG, Z"
1580,"ZHONGBAO, K"
1581,"CHANGSHUI, Z"
1582,"ZHOU, H"
1583,"ZHOU, S"
1584,"MONDRAGON, R"
1585,"ZHU, H"
1586,"HUANG, Z"
1587,"ZHU, J"
1588,"ZIMMERMANN, M"
