Beak,Fish
Beak,Grin
Beak,Haecksel
Beak,SN9
Beak,SN96
Beak,TR77
Fish,Bumper
Fish,Patchback
Fish,SN96
Fish,TR77
Grin,CCL
Grin,Hook
Grin,MN83
Grin,Scabs
Grin,Shmuddel
Grin,SN4
Grin,SN63
Grin,SN9
Grin,Stripes
Grin,TR99
Grin,TSN103
Haecksel,Jonah
Haecksel,MN83
Haecksel,SN9
Haecksel,Topless
Haecksel,Vau
Haecksel,Zap
SN9,DN63
SN9,Scabs
SN9,SN100
SN9,SN4
SN9,TSN103
SN96,Bumper
SN96,PL
SN96,TR77
SN96,TR99
TR77,Kringel
TR77,Oscar
TR77,PL
Beescratch,Jet
Beescratch,Knit
Beescratch,Notch
Beescratch,Number1
Beescratch,Oscar
Beescratch,SN100
Beescratch,SN90
Beescratch,Upbang
Jet,DN21
Jet,Feather
Jet,Gallatin
Jet,MN23
Jet,Mus
Jet,Number1
Jet,Quasi
Jet,Web
Knit,DN63
Knit,PL
Knit,Upbang
Notch,Mus
Notch,Number1
Number1,DN63
Number1,Mus
Oscar,Double
Oscar,Kringel
Oscar,PL
SN100,Kringel
SN100,MN60
SN100,SN4
SN100,SN89
SN100,Zap
SN90,Feather
SN90,Gallatin
SN90,Upbang
SN90,Web
Upbang,DN21
Upbang,DN63
Upbang,Gallatin
Upbang,Web
Bumper,Thumper
Bumper,Zipfel
Thumper,Kringel
Thumper,Shmuddel
Thumper,SN63
Zipfel,SN4
Zipfel,TSN83
CCL,Double
CCL,Zap
Double,Kringel
Double,SN4
Double,Topless
Double,Zap
Zap,Topless
Cross,Trigger
Trigger,Five
Trigger,Jonah
Trigger,MN105
Trigger,MN60
Trigger,MN83
Trigger,Patchback
Trigger,Topless
Trigger,TR99
Trigger,Vau
DN16,Feather
DN16,Gallatin
DN16,Wave
DN16,Web
Feather,DN21
Feather,Gallatin
Feather,Ripplefluke
Feather,Web
Gallatin,DN21
Gallatin,Ripplefluke
Gallatin,Web
Wave,DN21
Web,DN21
Web,SN89
Web,TR82
DN63,PL
Kringel,Hook
Kringel,Jonah
Kringel,SN63
Kringel,TR99
SN4,Hook
SN4,MN105
SN4,Scabs
SN4,Shmuddel
SN4,Stripes
SN4,Topless
Topless,Jonah
Topless,MN105
Topless,MN60
Topless,MN83
Topless,Patchback
Topless,TR99
Ripplefluke,Zig
Patchback,Jonah
Patchback,MN105
Patchback,MN83
Patchback,SMN5
Patchback,Stripes
Patchback,TSN103
Fork,Scabs
Scabs,Hook
Scabs,MN105
Scabs,Shmuddel
Scabs,SN63
Scabs,Stripes
Scabs,TR99
Hook,SN63
Hook,TR99
MN83,Jonah
Shmuddel,TR88
SN63,Stripes
SN63,TSN103
SN63,Whitetip
Stripes,TR120
Stripes,TSN83
Jonah,MN105
TR88,TR120
